HorseName,HorseNum,Barrier,JockeyName,JockeyWeight,RaceTrack,RaceNum,Distance,TrackCond,ClassInfo,Prize,Weather,RaceTime,BestOdds,OddsSource
Coto De Caza,1,5,Keagan Latham,61.5kg,Newcastle,R1,2200m,Soft 5,BM 64 Hcp,$42k,9°C light rain,12:15:00,2.48,Betfair
Malbork Castle,2,1,Tom Sherry,60.5kg,Newcastle,R1,2200m,Soft 5,BM 64 Hcp,$42k,9°C light rain,12:15:00,3.9,Ubet
Whetu,3,2,Benjamin Osmond,60.5kg,Newcastle,R1,2200m,Soft 5,BM 64 Hcp,$42k,9°C light rain,12:15:00,9,Ubet
Fighting Magnus,4,4,Shae Wilkes,57.5kg,Newcastle,R1,2200m,Soft 5,BM 64 Hcp,$42k,9°C light rain,12:15:00,6.6,BoomBet
Whisker To Whisker,5,8,Brock Ryan,55.5kg,Newcastle,R1,2200m,Soft 5,BM 64 Hcp,$42k,9°C light rain,12:15:00,9,Sportsbet
Devine Outcast,6,7,Ashley Morgan,55.0kg,Newcastle,R1,2200m,Soft 5,BM 64 Hcp,$42k,9°C light rain,12:15:00,10,Ladbrokes
Sound And Vision,7,9,Madeline Owen,55.0kg,Newcastle,R1,2200m,Soft 5,BM 64 Hcp,$42k,9°C light rain,12:15:00,41,Bet365
Threw,8,3,Molly Bourke,55.0kg,Newcastle,R1,2200m,Soft 5,BM 64 Hcp,$42k,9°C light rain,12:15:00,35,Ladbrokes
Savant De Lune,9,6,Jess Taylor,55.0kg,Newcastle,R1,2200m,Soft 5,BM 64 Hcp,$42k,9°C light rain,12:15:00,126,Bet365
Great Flame,1,7,Jordan Quince,59.0kg,Warren,R1,1400m,Soft 5,Mdn Set Weight,$27k,8°C light rain,12:35:00,21,Sportsbet
Major Lightning,2,8,Siena Grima,59.0kg,Warren,R1,1400m,Soft 5,Mdn Set Weight,$27k,8°C light rain,12:35:00,1.7,Ubet
Phils Colours,3,2,Ken Dunbar,59.0kg,Warren,R1,1400m,Soft 5,Mdn Set Weight,$27k,8°C light rain,12:35:00,9.5,Sportsbet
Prizes Galore,4,9,Kody Nestor,59.0kg,Warren,R1,1400m,Soft 5,Mdn Set Weight,$27k,8°C light rain,12:35:00,17,Sportsbet
Cammi,5,5,Mikayla Weir,57.0kg,Warren,R1,1400m,Soft 5,Mdn Set Weight,$27k,8°C light rain,12:35:00,8,Sportsbet
I Don't Think So,6,6,Caine Stuart,57.0kg,Warren,R1,1400m,Soft 5,Mdn Set Weight,$27k,8°C light rain,12:35:00,9.5,ColossalBet
Impending Harmony,7,3,Wendy Peel,57.0kg,Warren,R1,1400m,Soft 5,Mdn Set Weight,$27k,8°C light rain,12:35:00,9.5,Sportsbet
Shoebill,8,4,Mathew Cahill,57.0kg,Warren,R1,1400m,Soft 5,Mdn Set Weight,$27k,8°C light rain,12:35:00,9.5,Ubet
California Comets,1,4,Reece Jones,59.0kg,Newcastle,R2,1200m,Soft 5,CH&G Mdn Set Weight,$42k,9°C light rain,12:50:00,26.5,BoomBet
Demmo Dermy,2,5,Brock Ryan,59.0kg,Newcastle,R2,1200m,Soft 5,CH&G Mdn Set Weight,$42k,9°C light rain,12:50:00,9.5,Ubet
Harry's Evidence,4,10,Jay Ford,59.0kg,Newcastle,R2,1200m,Soft 5,CH&G Mdn Set Weight,$42k,9°C light rain,12:50:00,4.3,Betfair
Vin Santo,5,3,Keagan Latham,59.0kg,Newcastle,R2,1200m,Soft 5,CH&G Mdn Set Weight,$42k,9°C light rain,12:50:00,6.5,Ubet
Cellarmaster,6,8,Andrew Adkins,56.5kg,Newcastle,R2,1200m,Soft 5,CH&G Mdn Set Weight,$42k,9°C light rain,12:50:00,5.3,Betfair
Hillier,9,2,Tom Sherry,56.5kg,Newcastle,R2,1200m,Soft 5,CH&G Mdn Set Weight,$42k,9°C light rain,12:50:00,2.44,Betfair
Sunburnt Country,10,7,Ashley Morgan,56.5kg,Newcastle,R2,1200m,Soft 5,CH&G Mdn Set Weight,$42k,9°C light rain,12:50:00,16,TABtouch
Maven,1,8,Ryan Wiggins,60.0kg,Cairns,R1,1250m,Soft 5,Mdn Hcp,$23k,19°C scattered clouds,12:57:00,4.3,Betfair
Savvy Monk,2,9,Ivo Fry,60.0kg,Cairns,R1,1250m,Soft 5,Mdn Hcp,$23k,19°C scattered clouds,12:57:00,31,Sportsbet
Innovates,3,6,Jackson Murphy,59.5kg,Cairns,R1,1250m,Soft 5,Mdn Hcp,$23k,19°C scattered clouds,12:57:00,3.35,Betfair
Geraldine's Wish,4,4,Krysten Swaffer,59.0kg,Cairns,R1,1250m,Soft 5,Mdn Hcp,$23k,19°C scattered clouds,12:57:00,1.94,Betfair
Malfitana,6,10,Nathan Thomas,56.0kg,Cairns,R1,1250m,Soft 5,Mdn Hcp,$23k,19°C scattered clouds,12:57:00,221,BoomBet
Kellisa,7,2,Adam Sewell,54.5kg,Cairns,R1,1250m,Soft 5,Mdn Hcp,$23k,19°C scattered clouds,12:57:00,12,Sportsbet
Arturetta,9,1,Wanderson D'Avila,54.0kg,Cairns,R1,1250m,Soft 5,Mdn Hcp,$23k,19°C scattered clouds,12:57:00,46,Sportsbet
Echelon Magic,10,3,Denicious Smith,54.0kg,Cairns,R1,1250m,Soft 5,Mdn Hcp,$23k,19°C scattered clouds,12:57:00,26.5,BoomBet
Bring Me Power,1,9,Lachlan King,58.0kg,Ballarat Synthetic,R1,1100m,Synthetic ,3YO Mdn Set Weight,$27k,4°C overcast clouds,13:00:00,26,Ubet
Deccan Odyssey,2,2,Anthony Darmanin,58.0kg,Ballarat Synthetic,R1,1100m,Synthetic ,3YO Mdn Set Weight,$27k,4°C overcast clouds,13:00:00,2.78,Betfair
Brutalism,4,5,Zac Spain,56.0kg,Ballarat Synthetic,R1,1100m,Synthetic ,3YO Mdn Set Weight,$27k,4°C overcast clouds,13:00:00,26,ColossalBet
Cider With Rosie,5,6,Daniel Moor,56.0kg,Ballarat Synthetic,R1,1100m,Synthetic ,3YO Mdn Set Weight,$27k,4°C overcast clouds,13:00:00,11.2,BoomBet
Hand Crafted,6,1,Cian Macredmond,56.0kg,Ballarat Synthetic,R1,1100m,Synthetic ,3YO Mdn Set Weight,$27k,4°C overcast clouds,13:00:00,69,BoomBet
Inala Te,7,7,Will Price,56.0kg,Ballarat Synthetic,R1,1100m,Synthetic ,3YO Mdn Set Weight,$27k,4°C overcast clouds,13:00:00,32,BoomBet
Sedna,8,10,Jett Stanley,56.0kg,Ballarat Synthetic,R1,1100m,Synthetic ,3YO Mdn Set Weight,$27k,4°C overcast clouds,13:00:00,11.2,BoomBet
Simply Sassy,9,4,Alana Kelly,56.0kg,Ballarat Synthetic,R1,1100m,Synthetic ,3YO Mdn Set Weight,$27k,4°C overcast clouds,13:00:00,9.2,Betfair
Zoucat,10,3,Linda Meech,56.0kg,Ballarat Synthetic,R1,1100m,Synthetic ,3YO Mdn Set Weight,$27k,4°C overcast clouds,13:00:00,2.26,Betfair
Manwari,1,7,Nick Heywood,59.0kg,Warren,R2,1200m,Soft 5,Mdn Hcp,$30k,8°C light rain,13:10:00,3.8,Sportsbet
Spring Prospect,2,4,Zoe Hunt,58.5kg,Warren,R2,1200m,Soft 5,Mdn Hcp,$30k,8°C light rain,13:10:00,2.15,Ubet
Twin Gift,3,8,Ken Dunbar,58.0kg,Warren,R2,1200m,Soft 5,Mdn Hcp,$30k,8°C light rain,13:10:00,91,ColossalBet
Misrosa,4,5,Mathew Cahill,57.0kg,Warren,R2,1200m,Soft 5,Mdn Hcp,$30k,8°C light rain,13:10:00,14,Sportsbet
Send Me Grey,5,1,Heavelon Van Der Hoven,57.0kg,Warren,R2,1200m,Soft 5,Mdn Hcp,$30k,8°C light rain,13:10:00,51,Sportsbet
Erion,6,3,Georgina McDonnell,55.5kg,Warren,R2,1200m,Soft 5,Mdn Hcp,$30k,8°C light rain,13:10:00,8,TABtouch
The Git Up,8,9,Mikayla Weir,55.5kg,Warren,R2,1200m,Soft 5,Mdn Hcp,$30k,8°C light rain,13:10:00,4.2,Sportsbet
Uno Gusto,9,6,Wendy Peel,55.5kg,Warren,R2,1200m,Soft 5,Mdn Hcp,$30k,8°C light rain,13:10:00,101,ColossalBet
Easiest Choice,1,7,Jay Ford,58.0kg,Newcastle,R3,1200m,Soft 5,F&M Mdn Set Weight,$42k,9°C light rain,13:25:00,6.6,Betfair
Gun Control,2,6,Olivia Dalton,58.0kg,Newcastle,R3,1200m,Soft 5,F&M Mdn Set Weight,$42k,9°C light rain,13:25:00,53,BoomBet
Stormzino,5,1,Coriah Keatings,58.0kg,Newcastle,R3,1200m,Soft 5,F&M Mdn Set Weight,$42k,9°C light rain,13:25:00,11.2,BoomBet
The Stars,6,2,Rory Hutchings,58.0kg,Newcastle,R3,1200m,Soft 5,F&M Mdn Set Weight,$42k,9°C light rain,13:25:00,1.69,Betfair
Organics,7,3,Ashley Morgan,55.5kg,Newcastle,R3,1200m,Soft 5,F&M Mdn Set Weight,$42k,9°C light rain,13:25:00,13.2,BoomBet
Samarelle,8,4,Andrew Adkins,55.5kg,Newcastle,R3,1200m,Soft 5,F&M Mdn Set Weight,$42k,9°C light rain,13:25:00,4.1,Betfair
Tulou,9,5,Alysha Collett,55.5kg,Newcastle,R3,1200m,Soft 5,F&M Mdn Set Weight,$42k,9°C light rain,13:25:00,23,ColossalBet
Fox King Dox,1,5,John Allen,59.5kg,Ballarat Synthetic,R2,1000m,Synthetic ,Mdn Set Weight,$27k,4°C overcast clouds,13:30:00,13.2,BoomBet
Aring,2,12,Neil Farley,57.5kg,Ballarat Synthetic,R2,1000m,Synthetic ,Mdn Set Weight,$27k,4°C overcast clouds,13:30:00,4.6,Ubet
Hail Hail,4,7,Lachlan King,57.5kg,Ballarat Synthetic,R2,1000m,Synthetic ,Mdn Set Weight,$27k,4°C overcast clouds,13:30:00,23.5,BoomBet
Hi Tiago,5,3,Zac Spain,57.5kg,Ballarat Synthetic,R2,1000m,Synthetic ,Mdn Set Weight,$27k,4°C overcast clouds,13:30:00,1.56,Betfair
Leica Bella,7,10,Craig Atkinson,57.5kg,Ballarat Synthetic,R2,1000m,Synthetic ,Mdn Set Weight,$27k,4°C overcast clouds,13:30:00,26.5,BoomBet
Nimbina,8,9,Jason Webb,57.5kg,Ballarat Synthetic,R2,1000m,Synthetic ,Mdn Set Weight,$27k,4°C overcast clouds,13:30:00,83,BoomBet
See What Happens,10,4,Cian Macredmond,57.5kg,Ballarat Synthetic,R2,1000m,Synthetic ,Mdn Set Weight,$27k,4°C overcast clouds,13:30:00,26.5,BoomBet
Shh Boom,11,1,Christine Puls,57.5kg,Ballarat Synthetic,R2,1000m,Synthetic ,Mdn Set Weight,$27k,4°C overcast clouds,13:30:00,15.2,BoomBet
Te Awam Utu,12,2,Paul Gatt,57.5kg,Ballarat Synthetic,R2,1000m,Synthetic ,Mdn Set Weight,$27k,4°C overcast clouds,13:30:00,9.1,BoomBet
Gold Classic,1,6,Sean Cormack,59.0kg,Cairns,R2,950m,Soft 5,2YO Open Hcp,$21k,19°C scattered clouds,13:34:00,3.55,Betfair
Whiskey River,2,7,Amanda Thomson,59.0kg,Cairns,R2,950m,Soft 5,2YO Open Hcp,$21k,19°C scattered clouds,13:34:00,3.15,Betfair
Raff Vader,3,10,Ryan Wiggins,57.5kg,Cairns,R2,950m,Soft 5,2YO Open Hcp,$21k,19°C scattered clouds,13:34:00,9.6,BoomBet
Music Girl,4,11,Lauren Guernier,56.5kg,Cairns,R2,950m,Soft 5,2YO Open Hcp,$21k,19°C scattered clouds,13:34:00,161,BoomBet
Nooshbahoosh,5,5,Ashley Butler,56.5kg,Cairns,R2,950m,Soft 5,2YO Open Hcp,$21k,19°C scattered clouds,13:34:00,3.25,Betfair
Tarong,6,2,Justin P Stanley,56.5kg,Cairns,R2,950m,Soft 5,2YO Open Hcp,$21k,19°C scattered clouds,13:34:00,7.6,Betfair
Got This,7,9,Adam Sewell,55.0kg,Cairns,R2,950m,Soft 5,2YO Open Hcp,$21k,19°C scattered clouds,13:34:00,63,BoomBet
Mister Tia,10,8,Ivo Fry,55.5kg,Cairns,R2,950m,Soft 5,2YO Open Hcp,$21k,19°C scattered clouds,13:34:00,32,BoomBet
Goanna Step,11,1,Nathan Thomas,54.0kg,Cairns,R2,950m,Soft 5,2YO Open Hcp,$21k,19°C scattered clouds,13:34:00,91,ColossalBet
Mere Mortal,1,1,Ken Dunbar,59.0kg,Warren,R3,1000m,Soft 5,Mdn Set Weight,$27k,8°C light rain,13:45:00,0.0,N/A
Spirit Of Saintly,3,3,Heavelon Van Der Hoven,59.0kg,Warren,R3,1000m,Soft 5,Mdn Set Weight,$27k,8°C light rain,13:45:00,0.0,N/A
Duren,4,7,Jake Pracey-Holmes,57.0kg,Warren,R3,1000m,Soft 5,Mdn Set Weight,$27k,8°C light rain,13:45:00,0.0,N/A
Miss Karis,5,4,Jordan Quince,57.0kg,Warren,R3,1000m,Soft 5,Mdn Set Weight,$27k,8°C light rain,13:45:00,0.0,N/A
Miss Rapide,6,11,Mathew Cahill,57.0kg,Warren,R3,1000m,Soft 5,Mdn Set Weight,$27k,8°C light rain,13:45:00,0.0,N/A
My Kind Of Girl,7,5,Caine Stuart,57.0kg,Warren,R3,1000m,Soft 5,Mdn Set Weight,$27k,8°C light rain,13:45:00,0.0,N/A
Rock All Night,8,6,Wendy Peel,57.0kg,Warren,R3,1000m,Soft 5,Mdn Set Weight,$27k,8°C light rain,13:45:00,0.0,N/A
Silent Drama,10,2,Kody Nestor,56.5kg,Warren,R3,1000m,Soft 5,Mdn Set Weight,$27k,8°C light rain,13:45:00,0.0,N/A
Time Attack,11,10,Andrew Banks,55.0kg,Warren,R3,1000m,Soft 5,Mdn Set Weight,$27k,8°C light rain,13:45:00,0.0,N/A
Cynic,1,6,Ryan Hurdle,59.5kg,Ballarat Synthetic,R3,1500m,Synthetic ,2YO+ Mdn Set Weight,$27k,4°C overcast clouds,14:00:00,83,BoomBet
Grunt For Glory,3,3,Lachlan King,59.5kg,Ballarat Synthetic,R3,1500m,Synthetic ,2YO+ Mdn Set Weight,$27k,4°C overcast clouds,14:00:00,61,ColossalBet
Lord Fox,4,9,Neil Farley,59.5kg,Ballarat Synthetic,R3,1500m,Synthetic ,2YO+ Mdn Set Weight,$27k,4°C overcast clouds,14:00:00,7.5,Ubet
Purple Prince,5,8,Daniel Moor,59.5kg,Ballarat Synthetic,R3,1500m,Synthetic ,2YO+ Mdn Set Weight,$27k,4°C overcast clouds,14:00:00,17,Ubet
The Printer,6,7,Cian Macredmond,59.5kg,Ballarat Synthetic,R3,1500m,Synthetic ,2YO+ Mdn Set Weight,$27k,4°C overcast clouds,14:00:00,27,Sportsbet
Black Cherry,7,10,Eoin Walsh,57.5kg,Ballarat Synthetic,R3,1500m,Synthetic ,2YO+ Mdn Set Weight,$27k,4°C overcast clouds,14:00:00,8,Bet365
Magic Opal,8,14,Tayla Childs,57.5kg,Ballarat Synthetic,R3,1500m,Synthetic ,2YO+ Mdn Set Weight,$27k,4°C overcast clouds,14:00:00,71,Ubet
Miss Xtravaganza,9,12,Alana Kelly,57.5kg,Ballarat Synthetic,R3,1500m,Synthetic ,2YO+ Mdn Set Weight,$27k,4°C overcast clouds,14:00:00,4.05,BoomBet
Reproduced,10,5,Logan McNeil,57.5kg,Ballarat Synthetic,R3,1500m,Synthetic ,2YO+ Mdn Set Weight,$27k,4°C overcast clouds,14:00:00,10.2,BoomBet
Shay's Way,11,11,John Allen,57.5kg,Ballarat Synthetic,R3,1500m,Synthetic ,2YO+ Mdn Set Weight,$27k,4°C overcast clouds,14:00:00,3.65,Betfair
Triple Oh,12,1,Will Price,57.5kg,Ballarat Synthetic,R3,1500m,Synthetic ,2YO+ Mdn Set Weight,$27k,4°C overcast clouds,14:00:00,5.1,BoomBet
Rio Corriendo,13,13,Paul Gatt,57.5kg,Ballarat Synthetic,R3,1500m,Synthetic ,2YO+ Mdn Set Weight,$27k,4°C overcast clouds,14:00:00,61,Bet365
Le Chocolat,3,4,Rory Hutchings,59.0kg,Newcastle,R4,1400m,Soft 5,Mdn Set Weight,$42k,9°C light rain,14:05:00,5,Ubet
Starry Desert,5,1,Braith Nock,59.0kg,Newcastle,R4,1400m,Soft 5,Mdn Set Weight,$42k,9°C light rain,14:05:00,5.3,Betfair
Western Lane,6,11,William A Stanley,59.0kg,Newcastle,R4,1400m,Soft 5,Mdn Set Weight,$42k,9°C light rain,14:05:00,17.2,BoomBet
Shanoni,10,7,Tom Sherry,57.0kg,Newcastle,R4,1400m,Soft 5,Mdn Set Weight,$42k,9°C light rain,14:05:00,5.8,Betfair
Zo Frilling,11,8,Andrew Adkins,57.0kg,Newcastle,R4,1400m,Soft 5,Mdn Set Weight,$42k,9°C light rain,14:05:00,12.8,BoomBet
Mind Over Matter,13,2,Jean Van Overmeire,56.5kg,Newcastle,R4,1400m,Soft 5,Mdn Set Weight,$42k,9°C light rain,14:05:00,8.6,Betfair
Skirmish,14,6,Ashley Morgan,55.0kg,Newcastle,R4,1400m,Soft 5,Mdn Set Weight,$42k,9°C light rain,14:05:00,2.48,Betfair
John Joseph,2,4,Ashley Butler,61.5kg,Cairns,R3,1900m,Soft 5,BM 65 Hcp,$21k,19°C scattered clouds,14:12:00,3.75,Betfair
Harrow,3,9,Ryan Wiggins,60.5kg,Cairns,R3,1900m,Soft 5,BM 65 Hcp,$21k,19°C scattered clouds,14:12:00,4.5,Betfair
Medal,4,2,Ivo Fry,60.5kg,Cairns,R3,1900m,Soft 5,BM 65 Hcp,$21k,19°C scattered clouds,14:12:00,10,BoomBet
Perovic,5,3,Sean Cormack,60.5kg,Cairns,R3,1900m,Soft 5,BM 65 Hcp,$21k,19°C scattered clouds,14:12:00,2.76,Betfair
Merry Old Soul,7,8,Krysten Swaffer,54.5kg,Cairns,R3,1900m,Soft 5,BM 65 Hcp,$21k,19°C scattered clouds,14:12:00,35,BoomBet
Ammand,8,7,Jason Taylor,54.0kg,Cairns,R3,1900m,Soft 5,BM 65 Hcp,$21k,19°C scattered clouds,14:12:00,21,ColossalBet
The Seeker,9,5,Wanderson D'Avila,54.0kg,Cairns,R3,1900m,Soft 5,BM 65 Hcp,$21k,19°C scattered clouds,14:12:00,221,BoomBet
Bold Feeling,10,10,Nathan Thomas,59.5kg,Cairns,R3,1900m,Soft 5,BM 65 Hcp,$21k,19°C scattered clouds,14:12:00,5.3,BoomBet
A Boy Named Soo,1,8,Kody Nestor,59.0kg,Warren,R4,1600m,Soft 5,CL1 Set Weight,$27k,8°C light rain,14:25:00,0.0,N/A
World Reign,2,6,Mathew Cahill,59.0kg,Warren,R4,1600m,Soft 5,CL1 Set Weight,$27k,8°C light rain,14:25:00,0.0,N/A
Bruce's Boy,4,4,Mikayla Weir,57.5kg,Warren,R4,1600m,Soft 5,CL1 Set Weight,$27k,8°C light rain,14:25:00,0.0,N/A
Jasper's Way,5,2,Jake Pracey-Holmes,57.5kg,Warren,R4,1600m,Soft 5,CL1 Set Weight,$27k,8°C light rain,14:25:00,0.0,N/A
Take The Chance,7,3,Ken Dunbar,57.0kg,Warren,R4,1600m,Soft 5,CL1 Set Weight,$27k,8°C light rain,14:25:00,0.0,N/A
Trust A Kitty,8,9,Siena Grima,57.0kg,Warren,R4,1600m,Soft 5,CL1 Set Weight,$27k,8°C light rain,14:25:00,0.0,N/A
Tjaka,9,7,Dale Cole,55.5kg,Warren,R4,1600m,Soft 5,CL1 Set Weight,$27k,8°C light rain,14:25:00,0.0,N/A
Smart Poppy,1,7,Jake Duffy,60.0kg,Ballarat Synthetic,R4,1200m,Synthetic ,2YO+ BM 70 Hcp,$27k,4°C overcast clouds,14:30:00,8.6,Betfair
Santastico,2,4,Ryan Hurdle,59.5kg,Ballarat Synthetic,R4,1200m,Synthetic ,2YO+ BM 70 Hcp,$27k,4°C overcast clouds,14:30:00,2.12,Betfair
Into You,4,5,Neil Farley,57.0kg,Ballarat Synthetic,R4,1200m,Synthetic ,2YO+ BM 70 Hcp,$27k,4°C overcast clouds,14:30:00,2.9,Ubet
Cosmic Rhapsody,5,3,Nadia Daniels,56.0kg,Ballarat Synthetic,R4,1200m,Synthetic ,2YO+ BM 70 Hcp,$27k,4°C overcast clouds,14:30:00,6.8,BoomBet
Ziggi Rocks,6,2,Sarah Field,56.0kg,Ballarat Synthetic,R4,1200m,Synthetic ,2YO+ BM 70 Hcp,$27k,4°C overcast clouds,14:30:00,17,Picklebet
Ngunnawal,2,2,Anna Roper,58.0kg,Newcastle,R5,1600m,Soft 5,Mdn Hcp,$45k,9°C light rain,14:40:00,81,Ubet
Dollars,3,3,Braith Nock,57.0kg,Newcastle,R5,1600m,Soft 5,Mdn Hcp,$45k,9°C light rain,14:40:00,1.96,BoomBet
North Terrace,4,9,Aaron Bullock,57.0kg,Newcastle,R5,1600m,Soft 5,Mdn Hcp,$45k,9°C light rain,14:40:00,8.5,Ubet
Hidden Mogul,6,12,Mollie Fitzgerald,55.0kg,Newcastle,R5,1600m,Soft 5,Mdn Hcp,$45k,9°C light rain,14:40:00,32,BoomBet
Himeros,7,5,Winona Costin,55.0kg,Newcastle,R5,1600m,Soft 5,Mdn Hcp,$45k,9°C light rain,14:40:00,20.5,BoomBet
Legris,8,7,Coriah Keatings,55.0kg,Newcastle,R5,1600m,Soft 5,Mdn Hcp,$45k,9°C light rain,14:40:00,34,Bet365
Luna Cruiser,9,4,Jean Van Overmeire,55.0kg,Newcastle,R5,1600m,Soft 5,Mdn Hcp,$45k,9°C light rain,14:40:00,14.2,BoomBet
Suncone,10,8,Alysha Collett,55.0kg,Newcastle,R5,1600m,Soft 5,Mdn Hcp,$45k,9°C light rain,14:40:00,41,Bet365
The Final Say,11,1,Louise Day,55.0kg,Newcastle,R5,1600m,Soft 5,Mdn Hcp,$45k,9°C light rain,14:40:00,21.5,BoomBet
Turning Circle,12,11,Benjamin Osmond,55.0kg,Newcastle,R5,1600m,Soft 5,Mdn Hcp,$45k,9°C light rain,14:40:00,5.1,Betfair
Zeema,13,6,Brock Ryan,55.0kg,Newcastle,R5,1600m,Soft 5,Mdn Hcp,$45k,9°C light rain,14:40:00,8.2,Betfair
Highbar,1,3,Lacey Morrison,63.5kg,Cairns,R4,1250m,Soft 5,CL3 Hcp,$21k,19°C scattered clouds,14:47:00,2.36,Betfair
Arctic Bear,2,2,Krysten Swaffer,59.5kg,Cairns,R4,1250m,Soft 5,CL3 Hcp,$21k,19°C scattered clouds,14:47:00,12,Sportsbet
Kirikan,3,10,Ryan Wiggins,59.0kg,Cairns,R4,1250m,Soft 5,CL3 Hcp,$21k,19°C scattered clouds,14:47:00,3,BetR
Another Fortune,4,8,Nathan Thomas,57.5kg,Cairns,R4,1250m,Soft 5,CL3 Hcp,$21k,19°C scattered clouds,14:47:00,41,BetR
Lucky Leni,5,6,Jason Taylor,56.5kg,Cairns,R4,1250m,Soft 5,CL3 Hcp,$21k,19°C scattered clouds,14:47:00,27,Sportsbet
Noble Attack,6,9,Wanderson D'Avila,56.5kg,Cairns,R4,1250m,Soft 5,CL3 Hcp,$21k,19°C scattered clouds,14:47:00,7.5,BetR
Bradshaw,7,4,Lauren Guernier,56.0kg,Cairns,R4,1250m,Soft 5,CL3 Hcp,$21k,19°C scattered clouds,14:47:00,23,BetR
Napoleon Strike,8,5,Amanda Thomson,55.5kg,Cairns,R4,1250m,Soft 5,CL3 Hcp,$21k,19°C scattered clouds,14:47:00,14,BetR
Hell Of A Bentley,9,7,Justin P Stanley,55.0kg,Cairns,R4,1250m,Soft 5,CL3 Hcp,$21k,19°C scattered clouds,14:47:00,9.1,BoomBet
Bialiatski,1,11,John Allen,59.5kg,Ballarat Synthetic,R5,1200m,Synthetic ,2YO+ Mdn Set Weight,$27k,4°C overcast clouds,15:00:00,2.35,BoomBet
Brutal Force,2,2,Will Gordon,59.5kg,Ballarat Synthetic,R5,1200m,Synthetic ,2YO+ Mdn Set Weight,$27k,4°C overcast clouds,15:00:00,8.2,Betfair
Invinciboo,3,5,Cian Macredmond,59.5kg,Ballarat Synthetic,R5,1200m,Synthetic ,2YO+ Mdn Set Weight,$27k,4°C overcast clouds,15:00:00,7.2,Betfair
Mahogwise Honour,4,7,Sarah Field,59.5kg,Ballarat Synthetic,R5,1200m,Synthetic ,2YO+ Mdn Set Weight,$27k,4°C overcast clouds,15:00:00,91,ColossalBet
My Symbol,5,4,Jason Webb,59.5kg,Ballarat Synthetic,R5,1200m,Synthetic ,2YO+ Mdn Set Weight,$27k,4°C overcast clouds,15:00:00,12.2,BoomBet
Finnish Girl,7,1,Nadia Daniels,57.5kg,Ballarat Synthetic,R5,1200m,Synthetic ,2YO+ Mdn Set Weight,$27k,4°C overcast clouds,15:00:00,73,BoomBet
Sweetest Thing,8,6,Will Price,57.5kg,Ballarat Synthetic,R5,1200m,Synthetic ,2YO+ Mdn Set Weight,$27k,4°C overcast clouds,15:00:00,93,BoomBet
Stranded,10,3,Daniel Moor,57.0kg,Ballarat Synthetic,R5,1200m,Synthetic ,2YO+ Mdn Set Weight,$27k,4°C overcast clouds,15:00:00,5.3,Betfair
Xtreme,12,12,Jake Duffy,57.0kg,Ballarat Synthetic,R5,1200m,Synthetic ,2YO+ Mdn Set Weight,$27k,4°C overcast clouds,15:00:00,4.9,Betfair
All Words,1,7,Tilly McCarroll,62.5kg,Warren,R5,1200m,Soft 5,BM 66 Hcp,$27k,8°C light rain,15:05:00,0.0,N/A
Deion,2,1,Jordan Quince,62.5kg,Warren,R5,1200m,Soft 5,BM 66 Hcp,$27k,8°C light rain,15:05:00,0.0,N/A
Rothgate,3,8,Izzy Neale,60.5kg,Warren,R5,1200m,Soft 5,BM 66 Hcp,$27k,8°C light rain,15:05:00,0.0,N/A
Champers Girl,4,9,Zoe Hunt,58.0kg,Warren,R5,1200m,Soft 5,BM 66 Hcp,$27k,8°C light rain,15:05:00,0.0,N/A
London Boy,5,6,Dale Cole,57.0kg,Warren,R5,1200m,Soft 5,BM 66 Hcp,$27k,8°C light rain,15:05:00,0.0,N/A
Coastal Groove,7,3,Mikayla Weir,56.0kg,Warren,R5,1200m,Soft 5,BM 66 Hcp,$27k,8°C light rain,15:05:00,0.0,N/A
Everlasting Stars,8,4,Mathew Cahill,56.0kg,Warren,R5,1200m,Soft 5,BM 66 Hcp,$27k,8°C light rain,15:05:00,0.0,N/A
Pyromania,9,2,Jake Pracey-Holmes,55.5kg,Warren,R5,1200m,Soft 5,BM 66 Hcp,$27k,8°C light rain,15:05:00,0.0,N/A
Spaceballs,3,4,Braith Nock,61.0kg,Newcastle,R6,1400m,Soft 5,F&M BM 64 Hcp,$42k,9°C light rain,15:20:00,2.7,Ubet
Cluedo,4,8,Aaron Bullock,60.0kg,Newcastle,R6,1400m,Soft 5,F&M BM 64 Hcp,$42k,9°C light rain,15:20:00,3,Picklebet
Stage Legend,6,6,Reece Jones,59.0kg,Newcastle,R6,1400m,Soft 5,F&M BM 64 Hcp,$42k,9°C light rain,15:20:00,21,Ubet
Butterfly Style,7,3,Holly Durnan,58.5kg,Newcastle,R6,1400m,Soft 5,F&M BM 64 Hcp,$42k,9°C light rain,15:20:00,5.8,BoomBet
Without You,9,2,Andrew Adkins,58.5kg,Newcastle,R6,1400m,Soft 5,F&M BM 64 Hcp,$42k,9°C light rain,15:20:00,23,Bet365
Calyx Rose,10,12,Grant Buckley,58.0kg,Newcastle,R6,1400m,Soft 5,F&M BM 64 Hcp,$42k,9°C light rain,15:20:00,11,ColossalBet
Zielle,11,10,Molly Bourke,57.5kg,Newcastle,R6,1400m,Soft 5,F&M BM 64 Hcp,$42k,9°C light rain,15:20:00,10,Bet365
Mon Amore,12,1,Anna Roper,55.0kg,Newcastle,R6,1400m,Soft 5,F&M BM 64 Hcp,$42k,9°C light rain,15:20:00,14.8,BoomBet
Lean Eagle,1,2,Ryan Wiggins,60.5kg,Cairns,R5,1250m,Soft 5,CL3 Hcp,$21k,19°C scattered clouds,15:27:00,1.54,Betfair
Raetihi,2,8,Justin P Stanley,60.5kg,Cairns,R5,1250m,Soft 5,CL3 Hcp,$21k,19°C scattered clouds,15:27:00,13.2,BoomBet
Eagle Warrior,3,10,Jackson Murphy,58.5kg,Cairns,R5,1250m,Soft 5,CL3 Hcp,$21k,19°C scattered clouds,15:27:00,32,BoomBet
Skogafoss,4,1,Ashley Butler,58.5kg,Cairns,R5,1250m,Soft 5,CL3 Hcp,$21k,19°C scattered clouds,15:27:00,4.1,Betfair
Listentozou,5,4,Lacey Morrison,58.0kg,Cairns,R5,1250m,Soft 5,CL3 Hcp,$21k,19°C scattered clouds,15:27:00,10,Sportsbet
Fast As Steel,6,9,Jason Taylor,57.5kg,Cairns,R5,1250m,Soft 5,CL3 Hcp,$21k,19°C scattered clouds,15:27:00,83,BoomBet
Ellie's Dream,7,6,Sean Cormack,56.5kg,Cairns,R5,1250m,Soft 5,CL3 Hcp,$21k,19°C scattered clouds,15:27:00,17.2,BoomBet
Attentive,8,5,Nathan Thomas,56.0kg,Cairns,R5,1250m,Soft 5,CL3 Hcp,$21k,19°C scattered clouds,15:27:00,15.2,BoomBet
Redavni,10,3,Adam Sewell,54.0kg,Cairns,R5,1250m,Soft 5,CL3 Hcp,$21k,19°C scattered clouds,15:27:00,111,BoomBet
Pride Of Sullivan,2,8,Anthony Darmanin,59.0kg,Ballarat Synthetic,R6,1000m,Synthetic ,2YO+ BM 64 Hcp,$27k,4°C overcast clouds,15:30:00,4.5,Betfair
Rain Lord,3,2,Tom Madden,59.0kg,Ballarat Synthetic,R6,1000m,Synthetic ,2YO+ BM 64 Hcp,$27k,4°C overcast clouds,15:30:00,43,BoomBet
Aqueduct,4,7,John Allen,58.5kg,Ballarat Synthetic,R6,1000m,Synthetic ,2YO+ BM 64 Hcp,$27k,4°C overcast clouds,15:30:00,2.76,Betfair
Sistine Tunnel,5,4,Cian Macredmond,57.0kg,Ballarat Synthetic,R6,1000m,Synthetic ,2YO+ BM 64 Hcp,$27k,4°C overcast clouds,15:30:00,4.45,BoomBet
In Love,6,6,Ryan Hurdle,56.5kg,Ballarat Synthetic,R6,1000m,Synthetic ,2YO+ BM 64 Hcp,$27k,4°C overcast clouds,15:30:00,3.75,Betfair
Pianist,7,1,Tayla Childs,56.0kg,Ballarat Synthetic,R6,1000m,Synthetic ,2YO+ BM 64 Hcp,$27k,4°C overcast clouds,15:30:00,23.5,BoomBet
The Bont,8,3,Sarah Field,55.5kg,Ballarat Synthetic,R6,1000m,Synthetic ,2YO+ BM 64 Hcp,$27k,4°C overcast clouds,15:30:00,63,BoomBet
Romantic Love,1,6,Mathew Cahill,61.0kg,Warren,R6,1000m,Soft 5,CL1 Hcp,$27k,8°C light rain,15:40:00,0.0,N/A
King Taurus,2,14,Dale Cole,59.0kg,Warren,R6,1000m,Soft 5,CL1 Hcp,$27k,8°C light rain,15:40:00,0.0,N/A
Hard Too Impress,3,1,Mikayla Weir,58.0kg,Warren,R6,1000m,Soft 5,CL1 Hcp,$27k,8°C light rain,15:40:00,0.0,N/A
Winning Emotions,4,7,Nick Heywood,58.0kg,Warren,R6,1000m,Soft 5,CL1 Hcp,$27k,8°C light rain,15:40:00,0.0,N/A
Brummagen,5,4,Jake Pracey-Holmes,57.5kg,Warren,R6,1000m,Soft 5,CL1 Hcp,$27k,8°C light rain,15:40:00,0.0,N/A
Houdini Spirit,6,8,Wendy Peel,56.5kg,Warren,R6,1000m,Soft 5,CL1 Hcp,$27k,8°C light rain,15:40:00,0.0,N/A
Notabadchassis,7,3,Zoe Hunt,55.0kg,Warren,R6,1000m,Soft 5,CL1 Hcp,$27k,8°C light rain,15:40:00,0.0,N/A
Ben My Friend,8,5,Caine Stuart,55.0kg,Warren,R6,1000m,Soft 5,CL1 Hcp,$27k,8°C light rain,15:40:00,0.0,N/A
Equivada,9,12,Siena Grima,55.0kg,Warren,R6,1000m,Soft 5,CL1 Hcp,$27k,8°C light rain,15:40:00,0.0,N/A
Great Southernland,10,11,Heavelon Van Der Hoven,55.0kg,Warren,R6,1000m,Soft 5,CL1 Hcp,$27k,8°C light rain,15:40:00,0.0,N/A
Spotted,11,10,Andrew Banks,55.0kg,Warren,R6,1000m,Soft 5,CL1 Hcp,$27k,8°C light rain,15:40:00,0.0,N/A
Lockdown Lad,12,13,Jordan Quince,55.0kg,Warren,R6,1000m,Soft 5,CL1 Hcp,$27k,8°C light rain,15:40:00,0.0,N/A
Hallowed Star,13,2,Georgina McDonnell,55.0kg,Warren,R6,1000m,Soft 5,CL1 Hcp,$27k,8°C light rain,15:40:00,0.0,N/A
Montido,14,9,Tilly McCarroll,55.0kg,Warren,R6,1000m,Soft 5,CL1 Hcp,$27k,8°C light rain,15:40:00,0.0,N/A
Cold Brew,2,1,Rory Hutchings,60.5kg,Newcastle,R7,1400m,Soft 5,CH&G BM 64 Hcp,$42k,9°C light rain,15:55:00,2.52,Betfair
Cosmic Lad,3,5,Ashley Morgan,60.5kg,Newcastle,R7,1400m,Soft 5,CH&G BM 64 Hcp,$42k,9°C light rain,15:55:00,5,Ladbrokes
Smoke On The Water,4,8,Aaron Bullock,60.5kg,Newcastle,R7,1400m,Soft 5,CH&G BM 64 Hcp,$42k,9°C light rain,15:55:00,4.5,Betfair
Carnegie Hill,5,4,Keagan Latham,59.0kg,Newcastle,R7,1400m,Soft 5,CH&G BM 64 Hcp,$42k,9°C light rain,15:55:00,9.2,Betfair
Fun Sponge,7,6,Reece Jones,58.5kg,Newcastle,R7,1400m,Soft 5,CH&G BM 64 Hcp,$42k,9°C light rain,15:55:00,61,Bet365
War Star,10,3,Regan Bayliss,58.5kg,Newcastle,R7,1400m,Soft 5,CH&G BM 64 Hcp,$42k,9°C light rain,15:55:00,18.2,BoomBet
Homeric,11,7,Tom Sherry,58.0kg,Newcastle,R7,1400m,Soft 5,CH&G BM 64 Hcp,$42k,9°C light rain,15:55:00,12.5,Betfair
Iceman,12,10,Benjamin Osmond,58.0kg,Newcastle,R7,1400m,Soft 5,CH&G BM 64 Hcp,$42k,9°C light rain,15:55:00,12.2,BoomBet
Annulus,15,14,Jenny Duggan,56.0kg,Newcastle,R7,1400m,Soft 5,CH&G BM 64 Hcp,$42k,9°C light rain,15:55:00,27.5,BoomBet
Dapper Dancer,16,9,Andrew Calder,55.0kg,Newcastle,R7,1400m,Soft 5,CH&G BM 64 Hcp,$42k,9°C light rain,15:55:00,131,BoomBet
Miss Titeline,1,2,Beau Treloar,60.5kg,Ballarat Synthetic,R7,1100m,Synthetic ,BM 58 Hcp,$27k,4°C overcast clouds,16:00:00,9.2,Betfair
Mississippi Miller,2,4,Sarah Field,60.0kg,Ballarat Synthetic,R7,1100m,Synthetic ,BM 58 Hcp,$27k,4°C overcast clouds,16:00:00,15.2,BoomBet
Proprietary,4,11,Cian Macredmond,60.0kg,Ballarat Synthetic,R7,1100m,Synthetic ,BM 58 Hcp,$27k,4°C overcast clouds,16:00:00,26.5,BoomBet
Innocent Enuff,5,1,Zac Spain,58.5kg,Ballarat Synthetic,R7,1100m,Synthetic ,BM 58 Hcp,$27k,4°C overcast clouds,16:00:00,2.36,Betfair
Whitson,6,10,John Allen,58.5kg,Ballarat Synthetic,R7,1100m,Synthetic ,BM 58 Hcp,$27k,4°C overcast clouds,16:00:00,5.6,BoomBet
Croatian Art,7,5,Neil Farley,58.0kg,Ballarat Synthetic,R7,1100m,Synthetic ,BM 58 Hcp,$27k,4°C overcast clouds,16:00:00,13.2,BoomBet
Patriot Star,8,12,Daniel Moor,58.0kg,Ballarat Synthetic,R7,1100m,Synthetic ,BM 58 Hcp,$27k,4°C overcast clouds,16:00:00,7.2,Betfair
Rich Dispute,9,3,Logan McNeil,58.0kg,Ballarat Synthetic,R7,1100m,Synthetic ,BM 58 Hcp,$27k,4°C overcast clouds,16:00:00,34,Bet365
Tell Us Toll,10,6,Valentin Le Boeuf,58.0kg,Ballarat Synthetic,R7,1100m,Synthetic ,BM 58 Hcp,$27k,4°C overcast clouds,16:00:00,13.2,BoomBet
Scandalist,11,8,Ryan Hurdle,56.5kg,Ballarat Synthetic,R7,1100m,Synthetic ,BM 58 Hcp,$27k,4°C overcast clouds,16:00:00,19.2,BoomBet
Wangandary,12,7,Paul Gatt,55.0kg,Ballarat Synthetic,R7,1100m,Synthetic ,BM 58 Hcp,$27k,4°C overcast clouds,16:00:00,161,BoomBet
Galaxy Turf,13,9,Will Price,54.5kg,Ballarat Synthetic,R7,1100m,Synthetic ,BM 58 Hcp,$27k,4°C overcast clouds,16:00:00,53,BoomBet
Russian Mint,2,15,Ashley Butler,61.5kg,Cairns,R6,950m,Soft 5,BM 65 Hcp,$21k,19°C scattered clouds,16:04:00,5.8,Betfair
Snitzaroo,3,9,Ivo Fry,61.5kg,Cairns,R6,950m,Soft 5,BM 65 Hcp,$21k,19°C scattered clouds,16:04:00,13,ColossalBet
Candlelit,4,6,Jackson Murphy,60.5kg,Cairns,R6,950m,Soft 5,BM 65 Hcp,$21k,19°C scattered clouds,16:04:00,6.6,Betfair
Lady Damus,5,7,Ryan Wiggins,60.5kg,Cairns,R6,950m,Soft 5,BM 65 Hcp,$21k,19°C scattered clouds,16:04:00,1.69,Betfair
Better Be Slick,6,16,Amanda Thomson,60.0kg,Cairns,R6,950m,Soft 5,BM 65 Hcp,$21k,19°C scattered clouds,16:04:00,16,BetR
Thatfeelsbetter,7,11,Adam Sewell,60.0kg,Cairns,R6,950m,Soft 5,BM 65 Hcp,$21k,19°C scattered clouds,16:04:00,111,BoomBet
Dreamwoman,8,10,Nathan Thomas,58.0kg,Cairns,R6,950m,Soft 5,BM 65 Hcp,$21k,19°C scattered clouds,16:04:00,26.5,BoomBet
Super Art,9,14,Rachel Shred,57.5kg,Cairns,R6,950m,Soft 5,BM 65 Hcp,$21k,19°C scattered clouds,16:04:00,21.5,BoomBet
Impardoo,10,1,Jason Taylor,59.5kg,Cairns,R6,950m,Soft 5,BM 65 Hcp,$21k,19°C scattered clouds,16:04:00,16,Sportsbet
Foxwell,1,2,Jordan Quince,63.5kg,Warren,R7,1400m,Soft 5,BM 58 Hcp,$30k,8°C light rain,16:15:00,0.0,N/A
The Impeckable,3,6,Nick Heywood,61.5kg,Warren,R7,1400m,Soft 5,BM 58 Hcp,$30k,8°C light rain,16:15:00,0.0,N/A
Avalicious,4,4,Zoe Hunt,60.5kg,Warren,R7,1400m,Soft 5,BM 58 Hcp,$30k,8°C light rain,16:15:00,0.0,N/A
Podcast,5,15,Caine Stuart,60.0kg,Warren,R7,1400m,Soft 5,BM 58 Hcp,$30k,8°C light rain,16:15:00,0.0,N/A
Ain't She Swell,6,7,Izzy Neale,59.0kg,Warren,R7,1400m,Soft 5,BM 58 Hcp,$30k,8°C light rain,16:15:00,0.0,N/A
East Harlem,7,18,Kody Nestor,59.0kg,Warren,R7,1400m,Soft 5,BM 58 Hcp,$30k,8°C light rain,16:15:00,0.0,N/A
Way To Divine,8,11,Mathew Cahill,59.0kg,Warren,R7,1400m,Soft 5,BM 58 Hcp,$30k,8°C light rain,16:15:00,0.0,N/A
Blackhill Kitty,9,12,Mikayla Weir,58.0kg,Warren,R7,1400m,Soft 5,BM 58 Hcp,$30k,8°C light rain,16:15:00,0.0,N/A
Our Celebrity,10,17,Tilly McCarroll,58.0kg,Warren,R7,1400m,Soft 5,BM 58 Hcp,$30k,8°C light rain,16:15:00,0.0,N/A
Jade Division,11,3,Jake Pracey-Holmes,57.5kg,Warren,R7,1400m,Soft 5,BM 58 Hcp,$30k,8°C light rain,16:15:00,0.0,N/A
Loud,15,1,Ken Dunbar,55.0kg,Warren,R7,1400m,Soft 5,BM 58 Hcp,$30k,8°C light rain,16:15:00,0.0,N/A
Nest In The Hills,16,10,Heavelon Van Der Hoven,55.5kg,Warren,R7,1400m,Soft 5,BM 58 Hcp,$30k,8°C light rain,16:15:00,0.0,N/A
Fantasy Crowned,17,9,Wendy Peel,55.5kg,Warren,R7,1400m,Soft 5,BM 58 Hcp,$30k,8°C light rain,16:15:00,0.0,N/A
Delivering,1,11,Thomas Stockdale,62.5kg,Ballarat Synthetic,R8,1500m,Synthetic ,BM 64 Hcp,$27k,4°C overcast clouds,16:30:00,1.8,Bet365
Docinthe,2,6,Emily Pozman,62.0kg,Ballarat Synthetic,R8,1500m,Synthetic ,BM 64 Hcp,$27k,4°C overcast clouds,16:30:00,19.2,BoomBet
Eagle Angel,3,7,Daniel Moor,61.5kg,Ballarat Synthetic,R8,1500m,Synthetic ,BM 64 Hcp,$27k,4°C overcast clouds,16:30:00,43,BoomBet
Kentucky Nick,4,13,Cian Macredmond,61.0kg,Ballarat Synthetic,R8,1500m,Synthetic ,BM 64 Hcp,$27k,4°C overcast clouds,16:30:00,26,Bet365
Roadie,5,15,Neil Farley,59.5kg,Ballarat Synthetic,R8,1500m,Synthetic ,BM 64 Hcp,$27k,4°C overcast clouds,16:30:00,17,Ladbrokes
Giddy Up Warrior,6,1,Will Gordon,59.0kg,Ballarat Synthetic,R8,1500m,Synthetic ,BM 64 Hcp,$27k,4°C overcast clouds,16:30:00,8.6,Betfair
Princess Toro,7,16,Fred W Kersley,58.0kg,Ballarat Synthetic,R8,1500m,Synthetic ,BM 64 Hcp,$27k,4°C overcast clouds,16:30:00,5.1,Betfair
Chilly Charlie,10,5,Linda Meech,57.5kg,Ballarat Synthetic,R8,1500m,Synthetic ,BM 64 Hcp,$27k,4°C overcast clouds,16:30:00,10.2,BoomBet
Party At Artie's,11,18,Ryan Hurdle,57.5kg,Ballarat Synthetic,R8,1500m,Synthetic ,BM 64 Hcp,$27k,4°C overcast clouds,16:30:00,53,BoomBet
Off The Deep End,12,17,Alana Kelly,56.5kg,Ballarat Synthetic,R8,1500m,Synthetic ,BM 64 Hcp,$27k,4°C overcast clouds,16:30:00,41,PointsBet
Surely Special,14,12,Sarah Field,57.0kg,Ballarat Synthetic,R8,1500m,Synthetic ,BM 64 Hcp,$27k,4°C overcast clouds,16:30:00,32,BoomBet
Quizlet,15,14,Lucinda Boyd,56.0kg,Ballarat Synthetic,R8,1500m,Synthetic ,BM 64 Hcp,$27k,4°C overcast clouds,16:30:00,53,BoomBet
The Grey,1,9,Alysha Collett,59.0kg,Newcastle,R8,1200m,Soft 5,CL1 Hcp,$45k,9°C light rain,16:35:00,7.2,Betfair
The New Sinatra,2,5,Reece Jones,59.0kg,Newcastle,R8,1200m,Soft 5,CL1 Hcp,$45k,9°C light rain,16:35:00,15,Bet365
The Pacific,3,1,Ashley Morgan,58.5kg,Newcastle,R8,1200m,Soft 5,CL1 Hcp,$45k,9°C light rain,16:35:00,9.5,Sportsbet
Expido,4,2,Andrew Gibbons,57.5kg,Newcastle,R8,1200m,Soft 5,CL1 Hcp,$45k,9°C light rain,16:35:00,4.1,Betfair
Capital Jicinta,5,7,William A Stanley,57.0kg,Newcastle,R8,1200m,Soft 5,CL1 Hcp,$45k,9°C light rain,16:35:00,15.4,BoomBet
Oakfield Neptune,6,12,Aaron Bullock,57.0kg,Newcastle,R8,1200m,Soft 5,CL1 Hcp,$45k,9°C light rain,16:35:00,4.1,Betfair
Our Little Star,10,6,Braith Nock,56.0kg,Newcastle,R8,1200m,Soft 5,CL1 Hcp,$45k,9°C light rain,16:35:00,10,TABtouch
Ready To Rocket,11,13,Keagan Latham,56.0kg,Newcastle,R8,1200m,Soft 5,CL1 Hcp,$45k,9°C light rain,16:35:00,12,Picklebet
Montigo Bay,12,4,Brock Ryan,55.5kg,Newcastle,R8,1200m,Soft 5,CL1 Hcp,$45k,9°C light rain,16:35:00,23,Bet365
Tickle Me Pink,13,11,Luke Rolls,55.5kg,Newcastle,R8,1200m,Soft 5,CL1 Hcp,$45k,9°C light rain,16:35:00,9.6,BoomBet
Cifonelli,17,3,Coriah Keatings,56.0kg,Newcastle,R8,1200m,Soft 5,CL1 Hcp,$45k,9°C light rain,16:35:00,35,BoomBet
Substance,1,1,Lacey Morrison,60.0kg,Cairns,R7,1400m,Soft 5,Restricted 55 Hcp,$21k,19°C scattered clouds,16:42:00,5.6,BoomBet
Elleves,2,11,Sean Cormack,59.5kg,Cairns,R7,1400m,Soft 5,Restricted 55 Hcp,$21k,19°C scattered clouds,16:42:00,6.6,Betfair
Store Beach,3,8,Justin P Stanley,58.5kg,Cairns,R7,1400m,Soft 5,Restricted 55 Hcp,$21k,19°C scattered clouds,16:42:00,4.5,Betfair
Gazza's Diamond,4,9,Jason Taylor,58.0kg,Cairns,R7,1400m,Soft 5,Restricted 55 Hcp,$21k,19°C scattered clouds,16:42:00,17.2,BoomBet
Lord Power,5,3,Jackson Murphy,58.0kg,Cairns,R7,1400m,Soft 5,Restricted 55 Hcp,$21k,19°C scattered clouds,16:42:00,7.6,Betfair
Superstitions,6,12,Nathan Thomas,57.5kg,Cairns,R7,1400m,Soft 5,Restricted 55 Hcp,$21k,19°C scattered clouds,16:42:00,13.2,BoomBet
The Cops,7,2,Ashley Butler,57.5kg,Cairns,R7,1400m,Soft 5,Restricted 55 Hcp,$21k,19°C scattered clouds,16:42:00,71,ColossalBet
Blue Steel,8,7,Amanda Thomson,57.0kg,Cairns,R7,1400m,Soft 5,Restricted 55 Hcp,$21k,19°C scattered clouds,16:42:00,8.5,ColossalBet
It's Been A Trek,9,10,Adam Sewell,56.0kg,Cairns,R7,1400m,Soft 5,Restricted 55 Hcp,$21k,19°C scattered clouds,16:42:00,4.7,Betfair
Torque Espagna,10,4,Tyler Leslight,54.0kg,Cairns,R7,1400m,Soft 5,Restricted 55 Hcp,$21k,19°C scattered clouds,16:42:00,73,BoomBet
Mississippi Alibi,11,6,Wanderson D'Avila,54.0kg,Cairns,R7,1400m,Soft 5,Restricted 55 Hcp,$21k,19°C scattered clouds,16:42:00,31,Sportsbet
Stats,2,12,Ryan Wiggins,59.5kg,Cairns,R8,1400m,Soft 5,Open Hcp,$21k,19°C scattered clouds,17:20:00,3.5,Betfair
Fifth Position,3,10,Ashley Butler,56.0kg,Cairns,R8,1400m,Soft 5,Open Hcp,$21k,19°C scattered clouds,17:20:00,21.5,BoomBet
Choir Boy,4,2,Ivo Fry,55.5kg,Cairns,R8,1400m,Soft 5,Open Hcp,$21k,19°C scattered clouds,17:20:00,6.6,Betfair
Armour Force,5,8,Nathan Thomas,54.5kg,Cairns,R8,1400m,Soft 5,Open Hcp,$21k,19°C scattered clouds,17:20:00,8.2,Betfair
Reggie's Boy,6,5,Justin P Stanley,54.5kg,Cairns,R8,1400m,Soft 5,Open Hcp,$21k,19°C scattered clouds,17:20:00,11,Sportsbet
Valenki,7,6,Jackson Murphy,54.0kg,Cairns,R8,1400m,Soft 5,Open Hcp,$21k,19°C scattered clouds,17:20:00,5.75,ColossalBet
Divine Okay,8,11,Adam Sewell,54.0kg,Cairns,R8,1400m,Soft 5,Open Hcp,$21k,19°C scattered clouds,17:20:00,26,Sportsbet
Major Artie,9,1,Krysten Swaffer,54.0kg,Cairns,R8,1400m,Soft 5,Open Hcp,$21k,19°C scattered clouds,17:20:00,35,BoomBet
Moktaffy,10,4,Jason Taylor,54.0kg,Cairns,R8,1400m,Soft 5,Open Hcp,$21k,19°C scattered clouds,17:20:00,14.2,BoomBet
Stadium Of Light,11,3,Sean Cormack,54.0kg,Cairns,R8,1400m,Soft 5,Open Hcp,$21k,19°C scattered clouds,17:20:00,8.5,Sportsbet
Bringyaticket,12,9,Denicious Smith,54.0kg,Cairns,R8,1400m,Soft 5,Open Hcp,$21k,19°C scattered clouds,17:20:00,35,BoomBet
